{"cameraMode":{"drawMode":0,"name":"Shaded","section":"Shading Mode"},"sceneLighting":true,"audioPlay":false,"sceneViewState":{"showFog":true,"showMaterialUpdate":false,"showSkybox":true,"showFlares":true,"showImageEffects":true,"showParticleSystems":true},"in2DMode":false,"pivot":{"x":-0.4413292407989502,"y":-0.5901308059692383,"z":0.5798368453979492},"rotation":{"x":-0.2752341628074646,"y":0.17668117582798005,"z":-0.051532987505197528,"w":-0.9436036348342896},"size":2.388645648956299,"orthographic":false}