{"cameraMode":{"drawMode":0,"name":"Shaded","section":"Shading Mode"},"sceneLighting":true,"audioPlay":false,"sceneViewState":{"showFog":true,"showMaterialUpdate":false,"showSkybox":true,"showFlares":true,"showImageEffects":true,"showParticleSystems":true},"in2DMode":false,"pivot":{"x":-0.7081916332244873,"y":-2.1710548400878908,"z":2.075749397277832},"rotation":{"x":-0.37745341658592226,"y":0.20756839215755464,"z":-0.08722330629825592,"w":-0.8982418775558472},"size":4.6119914054870609,"orthographic":false}