{"cameraMode":{"drawMode":0,"name":"Shaded","section":"Shading Mode"},"sceneLighting":true,"audioPlay":false,"sceneViewState":{"showFog":true,"showMaterialUpdate":true,"showSkybox":true,"showFlares":true,"showImageEffects":true,"showParticleSystems":true},"in2DMode":false,"pivot":{"x":0.5015389919281006,"y":0.1333775520324707,"z":-0.4834860563278198},"rotation":{"x":-0.20497959852218629,"y":0.4936022162437439,"z":-0.1209523156285286,"w":-0.8364908695220947},"size":1.8073949813842774,"orthographic":false}