{"cameraMode":{"drawMode":0,"name":"Shaded","section":"Shading Mode"},"sceneLighting":true,"audioPlay":false,"sceneViewState":{"showFog":true,"showMaterialUpdate":true,"showSkybox":true,"showFlares":true,"showImageEffects":true,"showParticleSystems":true},"in2DMode":false,"pivot":{"x":-1.5599544048309327,"y":-1.4119863510131837,"z":1.72010338306427},"rotation":{"x":-0.2637234032154083,"y":0.35836952924728396,"z":-0.10628005862236023,"w":-0.889231264591217},"size":4.010145664215088,"orthographic":false}